File,Operator,1st Choice School,Grade,N,N Hartford,N Suburban,School,Column
CLEANED - First Chocie Apps By School By Grade 2017-18.xlsx#Table 1,BPS,Global Experience Magnet,6,32,7,25,,
CLEANED - First Chocie Apps By School By Grade 2017-18.xlsx#Table 1,BPS,Global Experience Magnet,7,13,,,,
CLEANED - First Chocie Apps By School By Grade 2017-18.xlsx#Table 1,BPS,Global Experience Magnet,8,6,,,,
CLEANED - First Chocie Apps By School By Grade 2017-18.xlsx#Table 1,BPS,Global Experience Magnet,9,19,10,9,,
CLEANED - First Chocie Apps By School By Grade 2017-18.xlsx#Table 1,BPS,Global Experience Magnet,10,9,,,,
CLEANED - First Chocie Apps By School By Grade 2017-18.xlsx#Table 1,BPS,Global Experience Magnet,11,,,,,
CLEANED - First Chocie Apps By School By Grade 2017-18.xlsx#Table 1,BPS,Global Experience Magnet,12,,,,,
CLEANED - First Chocie Apps By School By Grade 2017-18.xlsx#Table 1,BPS,Wintonbury Early Childhood Magnet,PIO,202,9,193,,
CLEANED - First Chocie Apps By School By Grade 2017-18.xlsx#Table 1,BPS,Wintonbury Early Childhood Magnet,PK4,91,,,,
CLEANED - First Chocie Apps By School By Grade 2017-18.xlsx#Table 1,BPS,Wintonbury Early Childhood Magnet,K,18,,,,
CLEANED - First Chocie Apps By School By Grade 2017-18.xlsx#Table 1,CREC,Academy of Aerospace and Engineering,6,422,88,334,,
CLEANED - First Chocie Apps By School By Grade 2017-18.xlsx#Table 1,CREC,Academy of Aerospace and Engineering,7,214,21,193,,
CLEANED - First Chocie Apps By School By Grade 2017-18.xlsx#Table 1,CREC,Academy of Aerospace and Engineering,8,190,32,158,,
CLEANED - First Chocie Apps By School By Grade 2017-18.xlsx#Table 1,CREC,Academy of Aerospace and Engineering,9,239,58,181,,
CLEANED - First Chocie Apps By School By Grade 2017-18.xlsx#Table 1,CREC,Academy of Aerospace and Engineering,10,92,19,73,,
CLEANED - First Chocie Apps By School By Grade 2017-18.xlsx#Table 1,CREC,Academy of Aerospace and Engineering,11,46,15,31,,
CLEANED - First Chocie Apps By School By Grade 2017-18.xlsx#Table 1,CREC,Academy of Aerospace and Engineering,12,11,,,,
CLEANED - First Chocie Apps By School By Grade 2017-18.xlsx#Table 1,CREC,Academy of Aerospace and Engineering,PIO,321,40,281,,
CLEANED - First Chocie Apps By School By Grade 2017-18.xlsx#Table 1,CREC,Academy of Aerospace and Engineering,PK4,309,42,267,,
CLEANED - First Chocie Apps By School By Grade 2017-18.xlsx#Table 1,CREC,Academy of Aerospace and Engineering,K,280,35,245,,
CLEANED - First Chocie Apps By School By Grade 2017-18.xlsx#Table 1,CREC,Academy of Aerospace and Engineering,1,176,27,149,,
CLEANED - First Chocie Apps By School By Grade 2017-18.xlsx#Table 1,CREC,Academy of Aerospace and Engineering,2,173,20,153,,
CLEANED - First Chocie Apps By School By Grade 2017-18.xlsx#Table 1,CREC,Academy of Aerospace and Engineering,3,160,23,137,,
CLEANED - First Chocie Apps By School By Grade 2017-18.xlsx#Table 1,CREC,Academy of Aerospace and Engineering,4,164,26,138,,
CLEANED - First Chocie Apps By School By Grade 2017-18.xlsx#Table 1,CREC,Academy of Science and Innovation,6,163,18,145,,
CLEANED - First Chocie Apps By School By Grade 2017-18.xlsx#Table 1,CREC,Academy of Science and Innovation,7,63,,,,
CLEANED - First Chocie Apps By School By Grade 2017-18.xlsx#Table 1,CREC,Academy of Science and Innovation,8,56,,,,
CLEANED - First Chocie Apps By School By Grade 2017-18.xlsx#Table 1,CREC,Academy of Science and Innovation,9,85,18,67,,
CLEANED - First Chocie Apps By School By Grade 2017-18.xlsx#Table 1,CREC,Academy of Science and Innovation,10,21,,,,
CLEANED - First Chocie Apps By School By Grade 2017-18.xlsx#Table 1,CREC,Academy of Science and Innovation,11,13,,,,
CLEANED - First Chocie Apps By School By Grade 2017-18.xlsx#Table 1,CREC,Academy of Science and Innovation,12,7,,,,
CLEANED - First Chocie Apps By School By Grade 2017-18.xlsx#Table 1,CREC,Ana Grace Academy of the Arts Elementary,PIO,123,24,99,,
CLEANED - First Chocie Apps By School By Grade 2017-18.xlsx#Table 1,CREC,Ana Grace Academy of the Arts Elementary,PK4,111,20,91,,
CLEANED - First Chocie Apps By School By Grade 2017-18.xlsx#Table 1,CREC,Ana Grace Academy of the Arts Elementary,K,92,27,65,,
CLEANED - First Chocie Apps By School By Grade 2017-18.xlsx#Table 1,CREC,Ana Grace Academy of the Arts Elementary,1,40,7,33,,
CLEANED - First Chocie Apps By School By Grade 2017-18.xlsx#Table 1,CREC,Ana Grace Academy of the Arts Elementary,2,41,12,29,,
CLEANED - First Chocie Apps By School By Grade 2017-18.xlsx#Table 1,CREC,Ana Grace Academy of the Arts Elementary,3,50,12,38,,
CLEANED - First Chocie Apps By School By Grade 2017-18.xlsx#Table 1,CREC,Ana Grace Academy of the Arts Elementary,4,46,9,37,,
CLEANED - First Chocie Apps By School By Grade 2017-18.xlsx#Table 1,CREC,Ana Grace Academy of the Arts Elementary,5,18,9,9,,
CLEANED - First Chocie Apps By School By Grade 2017-18.xlsx#Table 1,CREC,Discovery Academy,PIO,279,62,217,,
CLEANED - First Chocie Apps By School By Grade 2017-18.xlsx#Table 1,CREC,Discovery Academy,PK4,227,41,186,,
CLEANED - First Chocie Apps By School By Grade 2017-18.xlsx#Table 1,CREC,Discovery Academy,K,179,39,140,,
CLEANED - First Chocie Apps By School By Grade 2017-18.xlsx#Table 1,CREC,Discovery Academy,1,74,17,57,,
CLEANED - First Chocie Apps By School By Grade 2017-18.xlsx#Table 1,CREC,Discovery Academy,2,70,17,53,,
CLEANED - First Chocie Apps By School By Grade 2017-18.xlsx#Table 1,CREC,Discovery Academy,3,61,16,45,,
CLEANED - First Chocie Apps By School By Grade 2017-18.xlsx#Table 1,CREC,Discovery Academy,4,61,14,47,,
CLEANED - First Chocie Apps By School By Grade 2017-18.xlsx#Table 1,CREC,Discovery Academy,5,65,14,51,,
CLEANED - First Chocie Apps By School By Grade 2017-18.xlsx#Table 1,CREC,Glastonbury-East Hartford Magnet,PIO,314,21,293,,
CLEANED - First Chocie Apps By School By Grade 2017-18.xlsx#Table 1,CREC,Glastonbury-East Hartford Magnet,PK4,288,23,265,,
CLEANED - First Chocie Apps By School By Grade 2017-18.xlsx#Table 1,CREC,Glastonbury-East Hartford Magnet,K,220,30,190,,
CLEANED - First Chocie Apps By School By Grade 2017-18.xlsx#Table 1,CREC,Glastonbury-East Hartford Magnet,1,118,18,100,,
CLEANED - First Chocie Apps By School By Grade 2017-18.xlsx#Table 1,CREC,Glastonbury-East Hartford Magnet,2,78,10,68,,
CLEANED - First Chocie Apps By School By Grade 2017-18.xlsx#Table 1,CREC,Glastonbury-East Hartford Magnet,3,111,14,97,,
CLEANED - First Chocie Apps By School By Grade 2017-18.xlsx#Table 1,CREC,Glastonbury-East Hartford Magnet,4,76,10,66,,
CLEANED - First Chocie Apps By School By Grade 2017-18.xlsx#Table 1,CREC,Glastonbury-East Hartford Magnet,5,119,20,99,,
CLEANED - First Chocie Apps By School By Grade 2017-18.xlsx#Table 1,CREC,GHAA Middle,6,181,49,132,,
CLEANED - First Chocie Apps By School By Grade 2017-18.xlsx#Table 1,CREC,GHAA Middle,7,69,10,59,,
CLEANED - First Chocie Apps By School By Grade 2017-18.xlsx#Table 1,CREC,GHAA Middle,8,72,14,58,,
CLEANED - First Chocie Apps By School By Grade 2017-18.xlsx#Table 1,CREC,GHAA [Full-Day],9,216,90,126,,
CLEANED - First Chocie Apps By School By Grade 2017-18.xlsx#Table 1,CREC,GHAA [Full-Day],10,68,23,45,,
CLEANED - First Chocie Apps By School By Grade 2017-18.xlsx#Table 1,CREC,GHAA [Full-Day],11,51,16,35,,
CLEANED - First Chocie Apps By School By Grade 2017-18.xlsx#Table 1,CREC,GHAA [Full-Day],12,17,,,,
CLEANED - First Chocie Apps By School By Grade 2017-18.xlsx#Table 1,CREC,GHAA [Half-Day],9,104,11,93,,
CLEANED - First Chocie Apps By School By Grade 2017-18.xlsx#Table 1,CREC,GHAA [Half-Day],10,25,,,,
CLEANED - First Chocie Apps By School By Grade 2017-18.xlsx#Table 1,CREC,GHAA [Half-Day],11,27,,,,
CLEANED - First Chocie Apps By School By Grade 2017-18.xlsx#Table 1,CREC,GHAA [Half-Day],12,12,,,,
CLEANED - First Chocie Apps By School By Grade 2017-18.xlsx#Table 1,CREC,International Magnet School for Global Citizenship,PIO,274,16,258,,
CLEANED - First Chocie Apps By School By Grade 2017-18.xlsx#Table 1,CREC,International Magnet School for Global Citizenship,PK4,239,9,230,,
CLEANED - First Chocie Apps By School By Grade 2017-18.xlsx#Table 1,CREC,International Magnet School for Global Citizenship,K,176,15,161,,
CLEANED - First Chocie Apps By School By Grade 2017-18.xlsx#Table 1,CREC,International Magnet School for Global Citizenship,1,93,,,,
CLEANED - First Chocie Apps By School By Grade 2017-18.xlsx#Table 1,CREC,International Magnet School for Global Citizenship,2,62,,,,
CLEANED - First Chocie Apps By School By Grade 2017-18.xlsx#Table 1,CREC,International Magnet School for Global Citizenship,3,47,,,,
CLEANED - First Chocie Apps By School By Grade 2017-18.xlsx#Table 1,CREC,International Magnet School for Global Citizenship,4,32,,,,
CLEANED - First Chocie Apps By School By Grade 2017-18.xlsx#Table 1,CREC,International Magnet School for Global Citizenship,5,49,,,,
CLEANED - First Chocie Apps By School By Grade 2017-18.xlsx#Table 1,CREC,MLC Magnet for Global and International Studies,6,122,44,78,,
CLEANED - First Chocie Apps By School By Grade 2017-18.xlsx#Table 1,CREC,MLC Magnet for Global and International Studies,7,30,11,19,,
CLEANED - First Chocie Apps By School By Grade 2017-18.xlsx#Table 1,CREC,MLC Magnet for Global and International Studies,8,20,7,13,,
CLEANED - First Chocie Apps By School By Grade 2017-18.xlsx#Table 1,CREC,MLC Magnet for Global and International Studies,9,29,11,18,,
CLEANED - First Chocie Apps By School By Grade 2017-18.xlsx#Table 1,CREC,MLC Magnet for Global and International Studies,10,16,,,,
CLEANED - First Chocie Apps By School By Grade 2017-18.xlsx#Table 1,CREC,MLC Magnet for Global and International Studies,11,6,,,,
CLEANED - First Chocie Apps By School By Grade 2017-18.xlsx#Table 1,CREC,MLC Magnet for Global and International Studies,12,,,,,
CLEANED - First Chocie Apps By School By Grade 2017-18.xlsx#Table 1,CREC,Montessori Magnet (CREC),PIO,135,52                     83,,,
CLEANED - First Chocie Apps By School By Grade 2017-18.xlsx#Table 1,CREC,Montessori Magnet (CREC),PK4,76,45,31,,
CLEANED - First Chocie Apps By School By Grade 2017-18.xlsx#Table 1,CREC,Montessori Magnet (CREC),K,91,55,36,,
CLEANED - First Chocie Apps By School By Grade 2017-18.xlsx#Table 1,CREC,Montessori Magnet (CREC),1,51,31,20,,
CLEANED - First Chocie Apps By School By Grade 2017-18.xlsx#Table 1,CREC,Montessori Magnet (CREC),2,55,39,16,,
CLEANED - First Chocie Apps By School By Grade 2017-18.xlsx#Table 1,CREC,Montessori Magnet (CREC),3,41,22,19,,
CLEANED - First Chocie Apps By School By Grade 2017-18.xlsx#Table 1,CREC,Montessori Magnet (CREC),4,34,19,15,,
CLEANED - First Chocie Apps By School By Grade 2017-18.xlsx#Table 1,CREC,Montessori Magnet (CREC),5,66,36,30,,
CLEANED - First Chocie Apps By School By Grade 2017-18.xlsx#Table 1,CREC,Museum Academy,PK3,100,19,81,,
CLEANED - First Chocie Apps By School By Grade 2017-18.xlsx#Table 1,CREC,Museum Academy,PK4,68,8,60,,
CLEANED - First Chocie Apps By School By Grade 2017-18.xlsx#Table 1,CREC,Museum Academy,K,64,6,58,,
CLEANED - First Chocie Apps By School By Grade 2017-18.xlsx#Table 1,CREC,Museum Academy,1,31,,,,
CLEANED - First Chocie Apps By School By Grade 2017-18.xlsx#Table 1,CREC,Museum Academy,2,32,6,26,,
CLEANED - First Chocie Apps By School By Grade 2017-18.xlsx#Table 1,CREC,Museum Academy,3,30,,,,
CLEANED - First Chocie Apps By School By Grade 2017-18.xlsx#Table 1,CREC,Museum Academy,4,16,,,,
CLEANED - First Chocie Apps By School By Grade 2017-18.xlsx#Table 1,CREC,Museum Academy,5,21,,,,
CLEANED - First Chocie Apps By School By Grade 2017-18.xlsx#Table 1,CREC,Public Safety Academy,8,19,7,12,,
CLEANED - First Chocie Apps By School By Grade 2017-18.xlsx#Table 1,CREC,Public Safety Academy,9,66,35,31,,
CLEANED - First Chocie Apps By School By Grade 2017-18.xlsx#Table 1,CREC,Public Safety Academy,10,21,10,11,,
CLEANED - First Chocie Apps By School By Grade 2017-18.xlsx#Table 1,CREC,Public Safety Academy,11,17,6,11,,
CLEANED - First Chocie Apps By School By Grade 2017-18.xlsx#Table 1,CREC,Public Safety Academy,12,,,,,
CLEANED - First Chocie Apps By School By Grade 2017-18.xlsx#Table 1,CREC,Reggio Magnet School of the Arts,PIO,166,9,157,,
CLEANED - First Chocie Apps By School By Grade 2017-18.xlsx#Table 1,CREC,Reggio Magnet School of the Arts,PK4,143,7,136,,
CLEANED - First Chocie Apps By School By Grade 2017-18.xlsx#Table 1,CREC,Reggio Magnet School of the Arts,K,87,10,77,,
CLEANED - First Chocie Apps By School By Grade 2017-18.xlsx#Table 1,CREC,Reggio Magnet School of the Arts,1,35,,,,
CLEANED - First Chocie Apps By School By Grade 2017-18.xlsx#Table 1,CREC,Reggio Magnet School of the Arts,2,45,7,38,,
CLEANED - First Chocie Apps By School By Grade 2017-18.xlsx#Table 1,CREC,Reggio Magnet School of the Arts,3,28,,,,
CLEANED - First Chocie Apps By School By Grade 2017-18.xlsx#Table 1,CREC,Reggio Magnet School of the Arts,4,23,8,15,,
CLEANED - First Chocie Apps By School By Grade 2017-18.xlsx#Table 1,CREC,Reggio Magnet School of the Arts,5,33,10,23,,
CLEANED - First Chocie Apps By School By Grade 2017-18.xlsx#Table 1,CREC,Two Rivers Magnet Middle,6,266,46,220,,
CLEANED - First Chocie Apps By School By Grade 2017-18.xlsx#Table 1,CREC,Two Rivers Magnet Middle,7,72,16,56,,
CLEANED - First Chocie Apps By School By Grade 2017-18.xlsx#Table 1,CREC,Two Rivers Magnet Middle,8,50,10,40,,
CLEANED - First Chocie Apps By School By Grade 2017-18.xlsx#Table 1,CREC,University of Hartford Magnet,PK3,211,70,141,,
CLEANED - First Chocie Apps By School By Grade 2017-18.xlsx#Table 1,CREC,University of Hartford Magnet,PK4,166,59,107,,
CLEANED - First Chocie Apps By School By Grade 2017-18.xlsx#Table 1,CREC,University of Hartford Magnet,K,149,70,79,,
CLEANED - First Chocie Apps By School By Grade 2017-18.xlsx#Table 1,CREC,University of Hartford Magnet,1,77,27,50,,
CLEANED - First Chocie Apps By School By Grade 2017-18.xlsx#Table 1,CREC,University of Hartford Magnet,2,83,29,54,,
CLEANED - First Chocie Apps By School By Grade 2017-18.xlsx#Table 1,CREC,University of Hartford Magnet,3,76,32,44,,
CLEANED - First Chocie Apps By School By Grade 2017-18.xlsx#Table 1,CREC,University of Hartford Magnet,4,57,27,30,,
CLEANED - First Chocie Apps By School By Grade 2017-18.xlsx#Table 1,CREC,University of Hartford Magnet,5,69,25,44,,
CLEANED - First Chocie Apps By School By Grade 2017-18.xlsx#Table 1,EHPS,Connecticut IB Academy,9,199,40,159,,
CLEANED - First Chocie Apps By School By Grade 2017-18.xlsx#Table 1,EHPS,Connecticut IB Academy,10,40,6,34,,
CLEANED - First Chocie Apps By School By Grade 2017-18.xlsx#Table 1,Goodwin,Connecticut River Academy,9,230,119,111,,
CLEANED - First Chocie Apps By School By Grade 2017-18.xlsx#Table 1,Goodwin,Connecticut River Academy,10,43,14,29,,
CLEANED - First Chocie Apps By School By Grade 2017-18.xlsx#Table 1,Goodwin,Connecticut River Academy,11,20,7,13,,
CLEANED - First Chocie Apps By School By Grade 2017-18.xlsx#Table 1,Goodwin,Connecticut River Academy,12,9,,,,
CLEANED - First Chocie Apps By School By Grade 2017-18.xlsx#Table 1,Goodwin,Riverside Magnet,PIO,153,25,128,,
CLEANED - First Chocie Apps By School By Grade 2017-18.xlsx#Table 1,Goodwin,Riverside Magnet,PK4,126,27,99,,
CLEANED - First Chocie Apps By School By Grade 2017-18.xlsx#Table 1,Goodwin,Riverside Magnet,K,101,16,85,,
CLEANED - First Chocie Apps By School By Grade 2017-18.xlsx#Table 1,Goodwin,Riverside Magnet,1,41,,,,
CLEANED - First Chocie Apps By School By Grade 2017-18.xlsx#Table 1,Goodwin,Riverside Magnet,2,44,9,35,,
CLEANED - First Chocie Apps By School By Grade 2017-18.xlsx#Table 1,Goodwin,Riverside Magnet,3,40,11,29,,
CLEANED - First Chocie Apps By School By Grade 2017-18.xlsx#Table 1,Goodwin,Riverside Magnet,4,41,6,35,,
CLEANED - First Chocie Apps By School By Grade 2017-18.xlsx#Table 1,HPS,Betances Early Reading Lab Magnet,PIO,73,25,48,,
CLEANED - First Chocie Apps By School By Grade 2017-18.xlsx#Table 1,HPS,Betances Early Reading Lab Magnet,PK4,48,20,28,,
CLEANED - First Chocie Apps By School By Grade 2017-18.xlsx#Table 1,HPS,Betances Early Reading Lab Magnet,K,51,26,25,,
CLEANED - First Chocie Apps By School By Grade 2017-18.xlsx#Table 1,HPS,Betances Early Reading Lab Magnet,1,21,11,10,,
CLEANED - First Chocie Apps By School By Grade 2017-18.xlsx#Table 1,HPS,Betances Early Reading Lab Magnet,2,26,16,10,,
CLEANED - First Chocie Apps By School By Grade 2017-18.xlsx#Table 1,HPS,Betances Early Reading Lab Magnet,3,15,,,,
CLEANED - First Chocie Apps By School By Grade 2017-18.xlsx#Table 1,HPS,Betances STEM Magnet,4,80,36,44,,
CLEANED - First Chocie Apps By School By Grade 2017-18.xlsx#Table 1,HPS,Betances STEM Magnet,5,31,13,18,,
CLEANED - First Chocie Apps By School By Grade 2017-18.xlsx#Table 1,HPS,Betances STEM Magnet,6,14,8,6,,
CLEANED - First Chocie Apps By School By Grade 2017-18.xlsx#Table 1,HPS,Betances STEM Magnet,7,21,12,9,,
CLEANED - First Chocie Apps By School By Grade 2017-18.xlsx#Table 1,HPS,Betances STEM Magnet,8,9,,,,
CLEANED - First Chocie Apps By School By Grade 2017-18.xlsx#Table 1,HPS,Breakthrough II Magnet,PK3,32,15,17,,
CLEANED - First Chocie Apps By School By Grade 2017-18.xlsx#Table 1,HPS,Breakthrough II Magnet,PK4,29,15,14,,
CLEANED - First Chocie Apps By School By Grade 2017-18.xlsx#Table 1,HPS,Breakthrough II Magnet,K,42,33,9,,
CLEANED - First Chocie Apps By School By Grade 2017-18.xlsx#Table 1,HPS,Breakthrough II Magnet,1,18,12,6,,
CLEANED - First Chocie Apps By School By Grade 2017-18.xlsx#Table 1,HPS,Breakthrough II Magnet,2,9,,,,
CLEANED - First Chocie Apps By School By Grade 2017-18.xlsx#Table 1,HPS,Breakthrough II Magnet,3,24,18,6,,
CLEANED - First Chocie Apps By School By Grade 2017-18.xlsx#Table 1,HPS,Breakthrough II Magnet,4,14,,,,
CLEANED - First Chocie Apps By School By Grade 2017-18.xlsx#Table 1,HPS,Breakthrough II Magnet,5,18,11,7,,
CLEANED - First Chocie Apps By School By Grade 2017-18.xlsx#Table 1,HPS,Breakthrough II Magnet,6,,,,,
CLEANED - First Chocie Apps By School By Grade 2017-18.xlsx#Table 1,HPS,Breakthrough II Magnet,7,,,,,
CLEANED - First Chocie Apps By School By Grade 2017-18.xlsx#Table 1,HPS,Breakthrough II Magnet,8,,,,,
CLEANED - First Chocie Apps By School By Grade 2017-18.xlsx#Table 1,HPS,"Breakthrough Magnet, South Campus",PK3,77,41,36,,
CLEANED - First Chocie Apps By School By Grade 2017-18.xlsx#Table 1,HPS,"Breakthrough Magnet, South Campus",PK4,47,27,20,,
CLEANED - First Chocie Apps By School By Grade 2017-18.xlsx#Table 1,HPS,"Breakthrough Magnet, South Campus",K,53,36,17,,
CLEANED - First Chocie Apps By School By Grade 2017-18.xlsx#Table 1,HPS,"Breakthrough Magnet, South Campus",1,26,14,12,,
CLEANED - First Chocie Apps By School By Grade 2017-18.xlsx#Table 1,HPS,"Breakthrough Magnet, South Campus",2,32,17,15,,
CLEANED - First Chocie Apps By School By Grade 2017-18.xlsx#Table 1,HPS,"Breakthrough Magnet, South Campus",3,36,28,8,,
CLEANED - First Chocie Apps By School By Grade 2017-18.xlsx#Table 1,HPS,"Breakthrough Magnet, South Campus",4,33,22,11,,
CLEANED - First Chocie Apps By School By Grade 2017-18.xlsx#Table 1,HPS,"Breakthrough Magnet, South Campus",5,32,17,15,,
CLEANED - First Chocie Apps By School By Grade 2017-18.xlsx#Table 1,HPS,"Breakthrough Magnet, South Campus",6,9,,,,
CLEANED - First Chocie Apps By School By Grade 2017-18.xlsx#Table 1,HPS,"Breakthrough Magnet, South Campus",7,11,,,,
CLEANED - First Chocie Apps By School By Grade 2017-18.xlsx#Table 1,HPS,"Breakthrough Magnet, South Campus",8,,,,,
CLEANED - First Chocie Apps By School By Grade 2017-18.xlsx#Table 1,HPS,Capital Community College Magnet Academy,11,30,9,21,,
CLEANED - First Chocie Apps By School By Grade 2017-18.xlsx#Table 1,HPS,Capital Community College Magnet Academy,12,8,,,,
CLEANED - First Chocie Apps By School By Grade 2017-18.xlsx#Table 1,RPS,Capital Prep -  Lower School Program,PIO,100,55,45,,
CLEANED - First Chocie Apps By School By Grade 2017-18.xlsx#Table 1,HPS,Capital Prep -  Lower School Program,PK4,96,59,37,,
CLEANED - First Chocie Apps By School By Grade 2017-18.xlsx#Table 1,HPS,Capital Prep -  Lower School Program,K,121,76,45,,
CLEANED - First Chocie Apps By School By Grade 2017-18.xlsx#Table 1,HPS,Capital Prep -  Lower School Program,1,80,38,42,,
CLEANED - First Chocie Apps By School By Grade 2017-18.xlsx#Table 1,HPS,Capital Prep -  Lower School Program,2,69,39,30,,
CLEANED - First Chocie Apps By School By Grade 2017-18.xlsx#Table 1,HPS,Capital Prep -  Lower School Program,3,74,32,42,,
CLEANED - First Chocie Apps By School By Grade 2017-18.xlsx#Table 1,HPS,Capital Prep -  Lower School Program,4,58,29,29,,
CLEANED - First Chocie Apps By School By Grade 2017-18.xlsx#Table 1,HPS,Capital Prep -  Lower School Program,5,84,35,49,,
CLEANED - First Chocie Apps By School By Grade 2017-18.xlsx#Table 1,HPS,Capital Prep - Upper School Program,6,76,37,39,,
CLEANED - First Chocie Apps By School By Grade 2017-18.xlsx#Table 1,RPS,Capital Prep - Upper School Program,7,40,24,16,,
CLEANED - First Chocie Apps By School By Grade 2017-18.xlsx#Table 1,HPS,Capital Prep - Upper School Program,8,30,16,14,,
CLEANED - First Chocie Apps By School By Grade 2017-18.xlsx#Table 1,HPS,Capital Prep - Upper School Program,9,73,38,35,,
CLEANED - First Chocie Apps By School By Grade 2017-18.xlsx#Table 1,HPS,Capital Prep - Upper School Program,10,28,14,14,,
CLEANED - First Chocie Apps By School By Grade 2017-18.xlsx#Table 1,RPS,Capital Prep - Upper School Program,11,13,,,,
CLEANED - First Chocie Apps By School By Grade 2017-18.xlsx#Table 1,HPS,Capital Prep - Upper School Program,12,8,,,,
CLEANED - First Chocie Apps By School By Grade 2017-18.xlsx#Table 1,HPS,Classical Magnet School,6,46,22,24,,
CLEANED - First Chocie Apps By School By Grade 2017-18.xlsx#Table 1,HPS,Classical Magnet School,7,29,9,20,,
CLEANED - First Chocie Apps By School By Grade 2017-18.xlsx#Table 1,HPS,Classical Magnet School,8,22,12,10,,
CLEANED - First Chocie Apps By School By Grade 2017-18.xlsx#Table 1,HPS,Classical Magnet School,9,53,39,14,,
CLEANED - First Chocie Apps By School By Grade 2017-18.xlsx#Table 1,RPS,Classical Magnet School,10,9,,,,
CLEANED - First Chocie Apps By School By Grade 2017-18.xlsx#Table 1,HPS,Classical Magnet School,11,13,,,,
CLEANED - First Chocie Apps By School By Grade 2017-18.xlsx#Table 1,HPS,Classical Magnet School,12,,,,,
CLEANED - First Chocie Apps By School By Grade 2017-18.xlsx#Table 1,HPS,Environmental Sciences @ Mary M. Hooker,PK4,101,40,61,,
CLEANED - First Chocie Apps By School By Grade 2017-18.xlsx#Table 1,HPS,Environmental Sciences @ Mary M. Hooker,K,49,23,26,,
CLEANED - First Chocie Apps By School By Grade 2017-18.xlsx#Table 1,HPS,Environmental Sciences @ Mary M. Hooker,1,16,7,9,,
CLEANED - First Chocie Apps By School By Grade 2017-18.xlsx#Table 1,HPS,Environmental Sciences @ Mary M. Hooker,2,38,20,18,,
CLEANED - First Chocie Apps By School By Grade 2017-18.xlsx#Table 1,HPS,Environmental Sciences @ Mary M. Hooker,3,39,21,18,,
CLEANED - First Chocie Apps By School By Grade 2017-18.xlsx#Table 1,HPS,Environmental Sciences @ Mary M. Hooker,4,43,31,12,,
CLEANED - First Chocie Apps By School By Grade 2017-18.xlsx#Table 1,HPS,Environmental Sciences @ Mary M. Hooker,5,43,22,21,,
CLEANED - First Chocie Apps By School By Grade 2017-18.xlsx#Table 1,HPS,Environmental Sciences @ Mary M. Hooker,6,28,19,9,,
CLEANED - First Chocie Apps By School By Grade 2017-18.xlsx#Table 1,HPS,Environmental Sciences @ Mary M. Hooker,7,16,9,7,,
CLEANED - First Chocie Apps By School By Grade 2017-18.xlsx#Table 1,HPS,Environmental Sciences @ Mary M. Hooker,8,7,,,,
CLEANED - First Chocie Apps By School By Grade 2017-18.xlsx#Table 1,RPS,Great Path Academy,9,134,53,81,,
CLEANED - First Chocie Apps By School By Grade 2017-18.xlsx#Table 1,HPS,Great Path Academy,10,39,15,24,,
CLEANED - First Chocie Apps By School By Grade 2017-18.xlsx#Table 1,HPS,Great Path Academy,11,19,,,,
CLEANED - First Chocie Apps By School By Grade 2017-18.xlsx#Table 1,HPS,Great Path Academy,12,11,,,,
CLEANED - First Chocie Apps By School By Grade 2017-18.xlsx#Table 1,HPS,HMTCA,6,229,132,97,,
CLEANED - First Chocie Apps By School By Grade 2017-18.xlsx#Table 1,HPS,HMTCA,7,104,62,42,,
CLEANED - First Chocie Apps By School By Grade 2017-18.xlsx#Table 1,HPS,HMTCA,8,62,37,25,,
CLEANED - First Chocie Apps By School By Grade 2017-18.xlsx#Table 1,HPS,HMTCA,9,179,118,61,,
CLEANED - First Chocie Apps By School By Grade 2017-18.xlsx#Table 1,HPS,HMTCA,10,39,24,15,,
CLEANED - First Chocie Apps By School By Grade 2017-18.xlsx#Table 1,HPS,HMTCA,11,35,26,9,,
CLEANED - First Chocie Apps By School By Grade 2017-18.xlsx#Table 1,HPS,HMTCA,12,9,,,,
CLEANED - First Chocie Apps By School By Grade 2017-18.xlsx#Table 1,HPS,HMTCA,6,25,7,18,,
CLEANED - First Chocie Apps By School By Grade 2017-18.xlsx#Table 1,HPS,HMTCA,7,10,,,,
CLEANED - First Chocie Apps By School By Grade 2017-18.xlsx#Table 1,HPS,HMTCA,8,,,,,
CLEANED - First Chocie Apps By School By Grade 2017-18.xlsx#Table 1,HPS,Hartford PreKindergarten Magnet,PK3,144,65,79,,
CLEANED - First Chocie Apps By School By Grade 2017-18.xlsx#Table 1,HPS,Hartford PreKindergarten Magnet,PK4,76,35,41,,
CLEANED - First Chocie Apps By School By Grade 2017-18.xlsx#Table 1,HPS,Montessori Magnet at Moylan,PK3,63,27,36,,
CLEANED - First Chocie Apps By School By Grade 2017-18.xlsx#Table 1,HPS,Montessori Magnet at Moylan,PK4,28,17,11,,
CLEANED - First Chocie Apps By School By Grade 2017-18.xlsx#Table 1,HPS,Montessori Magnet at Moylan,K,40,23,17,,
CLEANED - First Chocie Apps By School By Grade 2017-18.xlsx#Table 1,HPS,Montessori Magnet at Moylan,1,19,6,13,,
CLEANED - First Chocie Apps By School By Grade 2017-18.xlsx#Table 1,HPS,Montessori Magnet at Moylan,2,18,10,8,,
CLEANED - First Chocie Apps By School By Grade 2017-18.xlsx#Table 1,HPS,Montessori Magnet at Moylan,3,12,6,6,,
CLEANED - First Chocie Apps By School By Grade 2017-18.xlsx#Table 1,HPS,Montessori Magnet at Moylan,4,,,,,
CLEANED - First Chocie Apps By School By Grade 2017-18.xlsx#Table 1,HPS,Montessori Magnet at Moylan,5,,,,,
CLEANED - First Chocie Apps By School By Grade 2017-18.xlsx#Table 1,HPS,Montessori Magnet at Moylan,6,,,,,
CLEANED - First Chocie Apps By School By Grade 2017-18.xlsx#Table 1,HPS,Montessori Magnet at Annie Fisher,PIO,83,26,57,,
CLEANED - First Chocie Apps By School By Grade 2017-18.xlsx#Table 1,HPS,Montessori Magnet at Annie Fisher,PK4,56,18,38,,
CLEANED - First Chocie Apps By School By Grade 2017-18.xlsx#Table 1,HPS,Montessori Magnet at Annie Fisher,K,53,26,27,,
CLEANED - First Chocie Apps By School By Grade 2017-18.xlsx#Table 1,HPS,Montessori Magnet at Annie Fisher,1,30,9,21,,
CLEANED - First Chocie Apps By School By Grade 2017-18.xlsx#Table 1,HPS,Montessori Magnet at Annie Fisher,2,18,11,7,,
CLEANED - First Chocie Apps By School By Grade 2017-18.xlsx#Table 1,HPS,Montessori Magnet at Annie Fisher,3,24,13,11,,
CLEANED - First Chocie Apps By School By Grade 2017-18.xlsx#Table 1,HPS,Montessori Magnet at Annie Fisher,4,24,10,14,,
CLEANED - First Chocie Apps By School By Grade 2017-18.xlsx#Table 1,HPS,Montessori Magnet at Annie Fisher,5,12,,,,
CLEANED - First Chocie Apps By School By Grade 2017-18.xlsx#Table 1,HPS,Montessori Magnet at Annie Fisher,6,27,10,17,,
CLEANED - First Chocie Apps By School By Grade 2017-18.xlsx#Table 1,HPS,Montessori Magnet at Annie Fisher,7,10,,,,
CLEANED - First Chocie Apps By School By Grade 2017-18.xlsx#Table 1,HPS,Montessori Magnet at Annie Fisher,8,7,,,,
CLEANED - First Chocie Apps By School By Grade 2017-18.xlsx#Table 1,HPS,Noah Webster MicroSociety Magnet,PK3,121,58,63,,
CLEANED - First Chocie Apps By School By Grade 2017-18.xlsx#Table 1,HPS,Noah Webster MicroSociety Magnet,PK4,61,27,34,,
CLEANED - First Chocie Apps By School By Grade 2017-18.xlsx#Table 1,HPS,Noah Webster MicroSociety Magnet,K,54,27,27,,
CLEANED - First Chocie Apps By School By Grade 2017-18.xlsx#Table 1,HPS,Noah Webster MicroSociety Magnet,1,26,19,7,,
CLEANED - First Chocie Apps By School By Grade 2017-18.xlsx#Table 1,HPS,Noah Webster MicroSociety Magnet,2,24,13,11,,
CLEANED - First Chocie Apps By School By Grade 2017-18.xlsx#Table 1,HPS,Noah Webster MicroSociety Magnet,3,20,11,9,,
CLEANED - First Chocie Apps By School By Grade 2017-18.xlsx#Table 1,HPS,Noah Webster MicroSociety Magnet,4,30,21,9,,
CLEANED - First Chocie Apps By School By Grade 2017-18.xlsx#Table 1,HPS,Noah Webster MicroSociety Magnet,5,29,13,16,,
CLEANED - First Chocie Apps By School By Grade 2017-18.xlsx#Table 1,HPS,Noah Webster MicroSociety Magnet,6,9,,,,
CLEANED - First Chocie Apps By School By Grade 2017-18.xlsx#Table 1,HPS,Noah Webster MicroSociety Magnet,7,14,6,8,,
CLEANED - First Chocie Apps By School By Grade 2017-18.xlsx#Table 1,HPS,Noah Webster MicroSociety Magnet,8,,,,,
CLEANED - First Chocie Apps By School By Grade 2017-18.xlsx#Table 1,HPS,Pathways Academy of Technology and Design,9,217,101,116,,
CLEANED - First Chocie Apps By School By Grade 2017-18.xlsx#Table 1,HPS,Pathways Academy of Technology and Design,10,31,13,18,,
CLEANED - First Chocie Apps By School By Grade 2017-18.xlsx#Table 1,HPS,Pathways Academy of Technology and Design,11,37,11,26,,
CLEANED - First Chocie Apps By School By Grade 2017-18.xlsx#Table 1,HPS,Pathways Academy of Technology and Design,12,13,6,7,,
CLEANED - First Chocie Apps By School By Grade 2017-18.xlsx#Table 1,HPS,R.J. Kinsella Magnet School of the Performing Arts,PK4,94,27,67,,
CLEANED - First Chocie Apps By School By Grade 2017-18.xlsx#Table 1,HPS,R.J. Kinsella Magnet School of the Performing Arts,K,88,51,37,,
CLEANED - First Chocie Apps By School By Grade 2017-18.xlsx#Table 1,HPS,R.J. Kinsella Magnet School of the Performing Arts,I,49,28,21,,
CLEANED - First Chocie Apps By School By Grade 2017-18.xlsx#Table 1,HPS,R.J. Kinsella Magnet School of the Performing Arts,2,52,28,24,,
CLEANED - First Chocie Apps By School By Grade 2017-18.xlsx#Table 1,HPS,R.J. Kinsella Magnet School of the Performing Arts,3,66,41,25,,
CLEANED - First Chocie Apps By School By Grade 2017-18.xlsx#Table 1,HPS,R.J. Kinsella Magnet School of the Performing Arts,4,59,28,31,,
CLEANED - First Chocie Apps By School By Grade 2017-18.xlsx#Table 1,HPS,R.J. Kinsella Magnet School of the Performing Arts,5,78,34,44,,
CLEANED - First Chocie Apps By School By Grade 2017-18.xlsx#Table 1,HPS,R.J. Kinsella Magnet School of the Performing Arts,6,61,24,37,,
CLEANED - First Chocie Apps By School By Grade 2017-18.xlsx#Table 1,HPS,R.J. Kinsella Magnet School of the Performing Arts,7,38,22,16,,
CLEANED - First Chocie Apps By School By Grade 2017-18.xlsx#Table 1,HPS,R.J. Kinsella Magnet School of the Performing Arts,8,20,11,9,,
CLEANED - First Chocie Apps By School By Grade 2017-18.xlsx#Table 1,HPS,R.J. Kinsella Magnet School of the Performing Arts,9,43,29,14,,
CLEANED - First Chocie Apps By School By Grade 2017-18.xlsx#Table 1,HPS,R.J. Kinsella Magnet School of the Performing Arts,10,17,7,10,,
CLEANED - First Chocie Apps By School By Grade 2017-18.xlsx#Table 1,HPS,R.J. Kinsella Magnet School of the Performing Arts,11,6,,,,
CLEANED - First Chocie Apps By School By Grade 2017-18.xlsx#Table 1,HPS,R.J. Kinsella Magnet School of the Performing Arts,12,,,,,
CLEANED - First Chocie Apps By School By Grade 2017-18.xlsx#Table 1,HPS,Sport and Medical Sciences Academy,6,141,78,63,,
CLEANED - First Chocie Apps By School By Grade 2017-18.xlsx#Table 1,HPS,Sport and Medical Sciences Academy,7,57,18,39,,
CLEANED - First Chocie Apps By School By Grade 2017-18.xlsx#Table 1,HPS,Sport and Medical Sciences Academy,8,79,28,51,,
CLEANED - First Chocie Apps By School By Grade 2017-18.xlsx#Table 1,HPS,Sport and Medical Sciences Academy,9,194,123,71,,
CLEANED - First Chocie Apps By School By Grade 2017-18.xlsx#Table 1,HPS,Sport and Medical Sciences Academy,10,43,23,20,,
CLEANED - First Chocie Apps By School By Grade 2017-18.xlsx#Table 1,HPS,Sport and Medical Sciences Academy,11,33,19,14,,
CLEANED - First Chocie Apps By School By Grade 2017-18.xlsx#Table 1,HPS,Sport and Medical Sciences Academy,12,,,,,
CLEANED - First Chocie Apps By School By Grade 2017-18.xlsx#Table 1,HPS,STEM Magnet at Annie Fisher,K,101,38,63,,
CLEANED - First Chocie Apps By School By Grade 2017-18.xlsx#Table 1,HPS,STEM Magnet at Annie Fisher,I,53,10,43,,
CLEANED - First Chocie Apps By School By Grade 2017-18.xlsx#Table 1,HPS,STEM Magnet at Annie Fisher,2,43,8,35,,
CLEANED - First Chocie Apps By School By Grade 2017-18.xlsx#Table 1,HPS,STEM Magnet at Annie Fisher,3,39,10,29,,
CLEANED - First Chocie Apps By School By Grade 2017-18.xlsx#Table 1,HPS,STEM Magnet at Annie Fisher,4,34,13,21,,
CLEANED - First Chocie Apps By School By Grade 2017-18.xlsx#Table 1,HPS,STEM Magnet at Annie Fisher,5,34,12,22,,
CLEANED - First Chocie Apps By School By Grade 2017-18.xlsx#Table 1,HPS,STEM Magnet at Annie Fisher,6,21,7,14,,
CLEANED - First Chocie Apps By School By Grade 2017-18.xlsx#Table 1,HPS,STEM Magnet at Annie Fisher,7,10,,,,
CLEANED - First Chocie Apps By School By Grade 2017-18.xlsx#Table 1,HPS,STEM Magnet at Annie Fisher,8,7,,,,
CLEANED - First Chocie Apps By School By Grade 2017-18.xlsx#Table 1,HPS,University High School of Science and Engineering,9,200,97,103,,
CLEANED - First Chocie Apps By School By Grade 2017-18.xlsx#Table 1,HPS,University High School of Science and Engineering,10,39,15,24,,
CLEANED - First Chocie Apps By School By Grade 2017-18.xlsx#Table 1,HPS,University High School of Science and Engineering,11,31,10,21,,
CLEANED - First Chocie Apps By School By Grade 2017-18.xlsx#Table 1,HPS,University High School of Science and Engineering,12,,,,,
CLEANED - Offers By School By Grade 2017-18.xlsx#Table 1,BPS,,6,72,20,52,Global Experience Magnet,
CLEANED - Offers By School By Grade 2017-18.xlsx#Table 1,BPS,,7,9,,9,Global Experience Magnet,
CLEANED - Offers By School By Grade 2017-18.xlsx#Table 1,BPS,,8,11,,11,Global Experience Magnet,
CLEANED - Offers By School By Grade 2017-18.xlsx#Table 1,BPS,,9,25,11,14,Global Experience Magnet,
CLEANED - Offers By School By Grade 2017-18.xlsx#Table 1,BPS,,10,11,,11,Global Experience Magnet,
CLEANED - Offers By School By Grade 2017-18.xlsx#Table 1,BPS,,11,,,,Global Experience Magnet,
CLEANED - Offers By School By Grade 2017-18.xlsx#Table 1,BPS,,12,,,,Global Experience Magnet,
CLEANED - Offers By School By Grade 2017-18.xlsx#Table 1,BPS,,PK3,149,33,116,Wintonbury Early Childhood Magnet,
CLEANED - Offers By School By Grade 2017-18.xlsx#Table 1,BPS,,PK4,9,,,Wintonbury Early Childhood Magnet,
CLEANED - Offers By School By Grade 2017-18.xlsx#Table 1,BPS,,K,8,,,Wintonbury Early Childhood Magnet,
CLEANED - Offers By School By Grade 2017-18.xlsx#Table 1,CREC,,6,125,61,64,Academy of Aerospace and Engineering,
CLEANED - Offers By School By Grade 2017-18.xlsx#Table 1,CREC,,7,17,8,9,Academy of Aerospace and Engineering,
CLEANED - Offers By School By Grade 2017-18.xlsx#Table 1,CREC,,8,,,,Academy of Aerospace and Engineering,
CLEANED - Offers By School By Grade 2017-18.xlsx#Table 1,CREC,,9,18,10,8,Academy of Aerospace and Engineering,
CLEANED - Offers By School By Grade 2017-18.xlsx#Table 1,CREC,,10,6,,,Academy of Aerospace and Engineering,
CLEANED - Offers By School By Grade 2017-18.xlsx#Table 1,CREC,,12,,,,Academy of Aerospace and Engineering,
CLEANED - Offers By School By Grade 2017-18.xlsx#Table 1,CREC,,PIO,38,17,21,Academy of Aerospace and Engineering,
CLEANED - Offers By School By Grade 2017-18.xlsx#Table 1,CREC,,PK4,,,,Academy of Aerospace and Engineering,
CLEANED - Offers By School By Grade 2017-18.xlsx#Table 1,CREC,,K,18,,,Academy of Aerospace and Engineering,
CLEANED - Offers By School By Grade 2017-18.xlsx#Table 1,CREC,,1,8,,,Academy of Aerospace and Engineering,
CLEANED - Offers By School By Grade 2017-18.xlsx#Table 1,CREC,,2,,,,Academy of Aerospace and Engineering,
CLEANED - Offers By School By Grade 2017-18.xlsx#Table 1,CREC,,3,7,,,Academy of Aerospace and Engineering,
CLEANED - Offers By School By Grade 2017-18.xlsx#Table 1,CREC,,4,9,,,Academy of Aerospace and Engineering,
CLEANED - Offers By School By Grade 2017-18.xlsx#Table 1,CREC,,6,78,19,59,Academy of Science and Innovation,
CLEANED - Offers By School By Grade 2017-18.xlsx#Table 1,CREC,,7,23,,,Academy of Science and Innovation,
CLEANED - Offers By School By Grade 2017-18.xlsx#Table 1,CREC,,8,30,,,Academy of Science and Innovation,
CLEANED - Offers By School By Grade 2017-18.xlsx#Table 1,CREC,,9,27,,,Academy of Science and Innovation,
CLEANED - Offers By School By Grade 2017-18.xlsx#Table 1,CREC,,10,,,,Academy of Science and Innovation,
CLEANED - Offers By School By Grade 2017-18.xlsx#Table 1,CREC,,11,,,,Academy of Science and Innovation,
CLEANED - Offers By School By Grade 2017-18.xlsx#Table 1,CREC,,12,,,,Academy of Science and Innovation,
CLEANED - Offers By School By Grade 2017-18.xlsx#Table 1,CREC,,PK3,49,25,24,Ana Grace Academy of the Arts Elementary,
CLEANED - Offers By School By Grade 2017-18.xlsx#Table 1,CREC,,PK.4,,,,Ana Grace Academy of the Arts Elementary,
CLEANED - Offers By School By Grade 2017-18.xlsx#Table 1,CREC,,K,65,26,39,Ana Grace Academy of the Arts Elementary,
CLEANED - Offers By School By Grade 2017-18.xlsx#Table 1,CREC,,1,16,9,7,Ana Grace Academy of the Arts Elementary,
CLEANED - Offers By School By Grade 2017-18.xlsx#Table 1,CREC,,2,22,14,8,Ana Grace Academy of the Arts Elementary,
CLEANED - Offers By School By Grade 2017-18.xlsx#Table 1,CREC,,3,25,13,12,Ana Grace Academy of the Arts Elementary,
CLEANED - Offers By School By Grade 2017-18.xlsx#Table 1,CREC,,4,8,,,Ana Grace Academy of the Arts Elementary,
CLEANED - Offers By School By Grade 2017-18.xlsx#Table 1,CREC,,5,,,,Ana Grace Academy of the Arts Elementary,
CLEANED - Offers By School By Grade 2017-18.xlsx#Table 1,CREC,,PK3,60,34,26,Discovery Academy,
CLEANED - Offers By School By Grade 2017-18.xlsx#Table 1,CREC,,PK4,6,,,Discovery Academy,
CLEANED - Offers By School By Grade 2017-18.xlsx#Table 1,CREC,,K,16,7,9,Discovery Academy,
CLEANED - Offers By School By Grade 2017-18.xlsx#Table 1,CREC,,1,,,,Discovery Academy,
CLEANED - Offers By School By Grade 2017-18.xlsx#Table 1,CREC,,2,,,,Discovery Academy,
CLEANED - Offers By School By Grade 2017-18.xlsx#Table 1,CREC,,3,6,,,Discovery Academy,
CLEANED - Offers By School By Grade 2017-18.xlsx#Table 1,CREC,,4,,,,Discovery Academy,
CLEANED - Offers By School By Grade 2017-18.xlsx#Table 1,CREC,,5,,,,Discovery Academy,
CLEANED - Offers By School By Grade 2017-18.xlsx#Table 1,CREC,,PIO,27,IO,17,Glastonbury-East Hartford Magnet,
CLEANED - Offers By School By Grade 2017-18.xlsx#Table 1,CREC,,PK4,11,,,Glastonbury-East Hartford Magnet,
CLEANED - Offers By School By Grade 2017-18.xlsx#Table 1,CREC,,K,53,20,33,Glastonbury-East Hartford Magnet,
CLEANED - Offers By School By Grade 2017-18.xlsx#Table 1,CREC,,1,14,7,7,Glastonbury-East Hartford Magnet,
CLEANED - Offers By School By Grade 2017-18.xlsx#Table 1,CREC,,2,13,,,Glastonbury-East Hartford Magnet,
CLEANED - Offers By School By Grade 2017-18.xlsx#Table 1,CREC,,3,17,7,IO,Glastonbury-East Hartford Magnet,
CLEANED - Offers By School By Grade 2017-18.xlsx#Table 1,CREC,,4,9,,,Glastonbury-East Hartford Magnet,
CLEANED - Offers By School By Grade 2017-18.xlsx#Table 1,CREC,,5,,,,Glastonbury-East Hartford Magnet,
CLEANED - Offers By School By Grade 2017-18.xlsx#Table 1,CREC,,6,151,75,76,GHAA I Middle,
CLEANED - Offers By School By Grade 2017-18.xlsx#Table 1,CREC,,7,11,,,GHAA I Middle,
CLEANED - Offers By School By Grade 2017-18.xlsx#Table 1,CREC,,8,16,9,7,GHAA I Middle,
CLEANED - Offers By School By Grade 2017-18.xlsx#Table 1,CREC,,9,72,37,35,GHAA [Full-Day],
CLEANED - Offers By School By Grade 2017-18.xlsx#Table 1,CREC,,10,28,14,14,GHAA [Full-Day],
CLEANED - Offers By School By Grade 2017-18.xlsx#Table 1,CREC,,11,11,,,GHAA [Full-Day],
CLEANED - Offers By School By Grade 2017-18.xlsx#Table 1,CREC,,12,,,,GHAA [Full-Day],
CLEANED - Offers By School By Grade 2017-18.xlsx#Table 1,CREC,,9,180,31,149,GHAA [Half-Day],
CLEANED - Offers By School By Grade 2017-18.xlsx#Table 1,CREC,,IO,60,12,48,GHAA [Half-Day],
CLEANED - Offers By School By Grade 2017-18.xlsx#Table 1,CREC,,11,51,11,40,GHAA [Half-Day],
CLEANED - Offers By School By Grade 2017-18.xlsx#Table 1,CREC,,12,21,,,GHAA [Half-Day],
CLEANED - Offers By School By Grade 2017-18.xlsx#Table 1,CREC,,PK3,56,28,28,International Magnet School for Global Citizenship,
CLEANED - Offers By School By Grade 2017-18.xlsx#Table 1,CREC,,PK4,,,,International Magnet School for Global Citizenship,
CLEANED - Offers By School By Grade 2017-18.xlsx#Table 1,CREC,,K,41,20,21,International Magnet School for Global Citizenship,
CLEANED - Offers By School By Grade 2017-18.xlsx#Table 1,CREC,,1,28,12,16,International Magnet School for Global Citizenship,
CLEANED - Offers By School By Grade 2017-18.xlsx#Table 1,CREC,,2,16,,,International Magnet School for Global Citizenship,
CLEANED - Offers By School By Grade 2017-18.xlsx#Table 1,CREC,,3,28,16,12,International Magnet School for Global Citizenship,
CLEANED - Offers By School By Grade 2017-18.xlsx#Table 1,CREC,,4,22,15,7,International Magnet School for Global Citizenship,
CLEANED - Offers By School By Grade 2017-18.xlsx#Table 1,CREC,,5,12,,,International Magnet School for Global Citizenship,
CLEANED - Offers By School By Grade 2017-18.xlsx#Table 1,CREC,,6,118,34,84,MLC Magnet for Global and International Studies,
CLEANED - Offers By School By Grade 2017-18.xlsx#Table 1,CREC,,7,16,,,MLC Magnet for Global and International Studies,
CLEANED - Offers By School By Grade 2017-18.xlsx#Table 1,CREC,,8,11,,,MLC Magnet for Global and International Studies,
CLEANED - Offers By School By Grade 2017-18.xlsx#Table 1,CREC,,9,15,,15,MLC Magnet for Global and International Studies,
CLEANED - Offers By School By Grade 2017-18.xlsx#Table 1,CREC,,IO,15,,,MLC Magnet for Global and International Studies,
CLEANED - Offers By School By Grade 2017-18.xlsx#Table 1,CREC,,11,,,,MLC Magnet for Global and International Studies,
CLEANED - Offers By School By Grade 2017-18.xlsx#Table 1,CREC,,PIO,65,40,,Montessori Magnet (CREC),25
CLEANED - Offers By School By Grade 2017-18.xlsx#Table 1,CREC,,PK4,8,,,Montessori Magnet (CREC),
CLEANED - Offers By School By Grade 2017-18.xlsx#Table 1,CREC,,K,,,,Montessori Magnet (CREC),
CLEANED - Offers By School By Grade 2017-18.xlsx#Table 1,CREC,,1,9,,,Montessori Magnet (CREC),
CLEANED - Offers By School By Grade 2017-18.xlsx#Table 1,CREC,,2,,,,Montessori Magnet (CREC),
CLEANED - Offers By School By Grade 2017-18.xlsx#Table 1,CREC,,4,14,,,Montessori Magnet (CREC),14
CLEANED - Offers By School By Grade 2017-18.xlsx#Table 1,CREC,,PIO,81,42,,Museum Academy,39
CLEANED - Offers By School By Grade 2017-18.xlsx#Table 1,CREC,,PK4,21,9,,Museum Academy,12
CLEANED - Offers By School By Grade 2017-18.xlsx#Table 1,CREC,,K,39,19,,Museum Academy,20
CLEANED - Offers By School By Grade 2017-18.xlsx#Table 1,CREC,,1,17,8,,Museum Academy,9
CLEANED - Offers By School By Grade 2017-18.xlsx#Table 1,CREC,,2,14,6,,Museum Academy,8
CLEANED - Offers By School By Grade 2017-18.xlsx#Table 1,CREC,,3,6,,,Museum Academy,
CLEANED - Offers By School By Grade 2017-18.xlsx#Table 1,CREC,,4,9,,,Museum Academy,
CLEANED - Offers By School By Grade 2017-18.xlsx#Table 1,CREC,,5,10,,,Museum Academy,
CLEANED - Offers By School By Grade 2017-18.xlsx#Table 1,CREC,,8,13,,,Public Safety Academy,
CLEANED - Offers By School By Grade 2017-18.xlsx#Table 1,CREC,,9,64,25,,Public Safety Academy,39
CLEANED - Offers By School By Grade 2017-18.xlsx#Table 1,CREC,,10,16,,,Public Safety Academy,
CLEANED - Offers By School By Grade 2017-18.xlsx#Table 1,CREC,,11,15,7,,Public Safety Academy,8
CLEANED - Offers By School By Grade 2017-18.xlsx#Table 1,CREC,,12,,,,Public Safety Academy,
CLEANED - Offers By School By Grade 2017-18.xlsx#Table 1,CREC,,PK3,76,41,,Reggio Magnet School of the Arts,35
CLEANED - Offers By School By Grade 2017-18.xlsx#Table 1,CREC,,PK4,30,IO,,Reggio Magnet School of the Arts,20
CLEANED - Offers By School By Grade 2017-18.xlsx#Table 1,CREC,,K,75,32,,Reggio Magnet School of the Arts,43
CLEANED - Offers By School By Grade 2017-18.xlsx#Table 1,CREC,,1,36,15,,Reggio Magnet School of the Arts,21
CLEANED - Offers By School By Grade 2017-18.xlsx#Table 1,CREC,,2,23,,,Reggio Magnet School of the Arts,
CLEANED - Offers By School By Grade 2017-18.xlsx#Table 1,CREC,,3,12,,,Reggio Magnet School of the Arts,
CLEANED - Offers By School By Grade 2017-18.xlsx#Table 1,CREC,,4,25,18,,Reggio Magnet School of the Arts,7
CLEANED - Offers By School By Grade 2017-18.xlsx#Table 1,CREC,,5,20,,,Reggio Magnet School of the Arts,
CLEANED - Offers By School By Grade 2017-18.xlsx#Table 1,CREC,,6,287,101,,Two Rivers Magnet Middle,186
CLEANED - Offers By School By Grade 2017-18.xlsx#Table 1,CREC,,7,69,40,,Two Rivers Magnet Middle,29
CLEANED - Offers By School By Grade 2017-18.xlsx#Table 1,CREC,,8,28,7,,Two Rivers Magnet Middle,21
CLEANED - Offers By School By Grade 2017-18.xlsx#Table 1,CREC,,PIO,44,9,,University of Hartford Magnet,35
CLEANED - Offers By School By Grade 2017-18.xlsx#Table 1,CREC,,PK4,7,,,University of Hartford Magnet,
CLEANED - Offers By School By Grade 2017-18.xlsx#Table 1,CREC,,K,60,27,,University of Hartford Magnet,33
CLEANED - Offers By School By Grade 2017-18.xlsx#Table 1,CREC,,1,12,,,University of Hartford Magnet,12
CLEANED - Offers By School By Grade 2017-18.xlsx#Table 1,CREC,,2,19,,,University of Hartford Magnet,
CLEANED - Offers By School By Grade 2017-18.xlsx#Table 1,CREC,,3,9,,,University of Hartford Magnet,
CLEANED - Offers By School By Grade 2017-18.xlsx#Table 1,CREC,,4,9,,,University of Hartford Magnet,
CLEANED - Offers By School By Grade 2017-18.xlsx#Table 1,CREC,,5,7,,,University of Hartford Magnet,
CLEANED - Offers By School By Grade 2017-18.xlsx#Table 1,EHPS,,9,79,22,,Connecticut 1B Academy,57
CLEANED - Offers By School By Grade 2017-18.xlsx#Table 1,EHPS,,IO,,,,Connecticut 1B Academy,
CLEANED - Offers By School By Grade 2017-18.xlsx#Table 1,Goodwin,,9,201,107,,Connecticut River Academy,94
CLEANED - Offers By School By Grade 2017-18.xlsx#Table 1,Goodwin,,IO,14,7,,Connecticut River Academy,7
CLEANED - Offers By School By Grade 2017-18.xlsx#Table 1,Goodwin,,11,,,,Connecticut River Academy,
CLEANED - Offers By School By Grade 2017-18.xlsx#Table 1,Goodwin,,PIO,38,13,25,Riverside Magnet,
CLEANED - Offers By School By Grade 2017-18.xlsx#Table 1,Goodwin,,PK4,26,12,14,Riverside Magnet,
CLEANED - Offers By School By Grade 2017-18.xlsx#Table 1,Goodwin,,K,17,,,Riverside Magnet,
CLEANED - Offers By School By Grade 2017-18.xlsx#Table 1,Goodwin,,1,6,,,Riverside Magnet,
CLEANED - Offers By School By Grade 2017-18.xlsx#Table 1,Goodwin,,2,,,,Riverside Magnet,
CLEANED - Offers By School By Grade 2017-18.xlsx#Table 1,Goodwin,,3,12,,,Riverside Magnet,
CLEANED - Offers By School By Grade 2017-18.xlsx#Table 1,Goodwin,,4,13,,,Riverside Magnet,
CLEANED - Offers By School By Grade 2017-18.xlsx#Table 1,HPS,,PIO,51,27,24,Betances Early Reading Lab Magnet,
CLEANED - Offers By School By Grade 2017-18.xlsx#Table 1,HPS,,PK.4,15,9,6,Betances Early Reading Lab Magnet,
CLEANED - Offers By School By Grade 2017-18.xlsx#Table 1,HPS,,K,70,23,47,Betances Early Reading Lab Magnet,
CLEANED - Offers By School By Grade 2017-18.xlsx#Table 1,HPS,,1,53,15,38,Betances Early Reading Lab Magnet,
CLEANED - Offers By School By Grade 2017-18.xlsx#Table 1,HPS,,2,54,27,27,Betances Early Reading Lab Magnet,
CLEANED - Offers By School By Grade 2017-18.xlsx#Table 1,HPS,,3,29,9,20,Betances Early Reading Lab Magnet,
CLEANED - Offers By School By Grade 2017-18.xlsx#Table 1,HPS,,4,93,31,62,Betances STEM Magnet,
CLEANED - Offers By School By Grade 2017-18.xlsx#Table 1,HPS,,5,32,,,Betances STEM Magnet,
CLEANED - Offers By School By Grade 2017-18.xlsx#Table 1,HPS,,6,53,,,Betances STEM Magnet,
CLEANED - Offers By School By Grade 2017-18.xlsx#Table 1,HPS,,7,83,11,72,Betances STEM Magnet,
CLEANED - Offers By School By Grade 2017-18.xlsx#Table 1,HPS,,8,52,,,Betances STEM Magnet,
CLEANED - Offers By School By Grade 2017-18.xlsx#Table 1,HPS,,PIO,44,16,28,Breakthrough II Magnet,
CLEANED - Offers By School By Grade 2017-18.xlsx#Table 1,HPS,,PK4,39,13,26,Breakthrough II Magnet,
CLEANED - Offers By School By Grade 2017-18.xlsx#Table 1,HPS,,K,20,,,Breakthrough II Magnet,
CLEANED - Offers By School By Grade 2017-18.xlsx#Table 1,HPS,,1,20,6,14,Breakthrough II Magnet,
CLEANED - Offers By School By Grade 2017-18.xlsx#Table 1,HPS,,2,19,,,Breakthrough II Magnet,
CLEANED - Offers By School By Grade 2017-18.xlsx#Table 1,HPS,,3,7,,7,Breakthrough II Magnet,
CLEANED - Offers By School By Grade 2017-18.xlsx#Table 1,HPS,,4,7,,,Breakthrough II Magnet,
CLEANED - Offers By School By Grade 2017-18.xlsx#Table 1,HPS,,5,21,9,12,Breakthrough II Magnet,
CLEANED - Offers By School By Grade 2017-18.xlsx#Table 1,HPS,,6,13,7,6,Breakthrough II Magnet,
CLEANED - Offers By School By Grade 2017-18.xlsx#Table 1,HPS,,8,,,,Breakthrough II Magnet,
CLEANED - Offers By School By Grade 2017-18.xlsx#Table 1,HPS,,PIO,31,11,20,"Breakthrough Magnet, South Campus",
CLEANED - Offers By School By Grade 2017-18.xlsx#Table 1,HPS,,PK.4,,,,"Breakthrough Magnet, South Campus",
CLEANED - Offers By School By Grade 2017-18.xlsx#Table 1,HPS,,K,14,,,"Breakthrough Magnet, South Campus",
CLEANED - Offers By School By Grade 2017-18.xlsx#Table 1,HPS,,1,8,,,"Breakthrough Magnet, South Campus",
CLEANED - Offers By School By Grade 2017-18.xlsx#Table 1,HPS,,2,8,,,"Breakthrough Magnet, South Campus",
CLEANED - Offers By School By Grade 2017-18.xlsx#Table 1,HPS,,3,9,,,"Breakthrough Magnet, South Campus",
CLEANED - Offers By School By Grade 2017-18.xlsx#Table 1,HPS,,4,,,,"Breakthrough Magnet, South Campus",
CLEANED - Offers By School By Grade 2017-18.xlsx#Table 1,HPS,,5,14,,,"Breakthrough Magnet, South Campus",
CLEANED - Offers By School By Grade 2017-18.xlsx#Table 1,HPS,,6,21,,,"Breakthrough Magnet, South Campus",
CLEANED - Offers By School By Grade 2017-18.xlsx#Table 1,HPS,,7,7,,,"Breakthrough Magnet, South Campus",
CLEANED - Offers By School By Grade 2017-18.xlsx#Table 1,HPS,,8,,,,"Breakthrough Magnet, South Campus",
CLEANED - Offers By School By Grade 2017-18.xlsx#Table 1,HPS,,11,38,19,,Capital Community College Magnet Academy,19
CLEANED - Offers By School By Grade 2017-18.xlsx#Table 1,HPS,,12,19,9,,Capital Community College Magnet Academy,10
CLEANED - Offers By School By Grade 2017-18.xlsx#Table 1,HPS,,PIO,19,,,Capital Prep -  Lower School Program,19
CLEANED - Offers By School By Grade 2017-18.xlsx#Table 1,HPS,,PK4,7,,,Capital Prep -  Lower School Program,7
CLEANED - Offers By School By Grade 2017-18.xlsx#Table 1,HPS,,K,10,,,Capital Prep -  Lower School Program,
CLEANED - Offers By School By Grade 2017-18.xlsx#Table 1,HPS,,1,8,,,Capital Prep -  Lower School Program,8
CLEANED - Offers By School By Grade 2017-18.xlsx#Table 1,HPS,,2,,,,Capital Prep -  Lower School Program,
CLEANED - Offers By School By Grade 2017-18.xlsx#Table 1,HPS,,3,7,,,Capital Prep -  Lower School Program,7
CLEANED - Offers By School By Grade 2017-18.xlsx#Table 1,HPS,,4,6,,,Capital Prep -  Lower School Program,6
CLEANED - Offers By School By Grade 2017-18.xlsx#Table 1,HPS,,5,13,7,,Capital Prep -  Lower School Program,6
CLEANED - Offers By School By Grade 2017-18.xlsx#Table 1,HPS,,6,34,15,,Capital Prep - Upper School Program,19
CLEANED - Offers By School By Grade 2017-18.xlsx#Table 1,HPS,,7,8,,,Capital Prep - Upper School Program,8
CLEANED - Offers By School By Grade 2017-18.xlsx#Table 1,HPS,,8,6,,,Capital Prep - Upper School Program,6
CLEANED - Offers By School By Grade 2017-18.xlsx#Table 1,HPS,,9,23,13,,Capital Prep - Upper School Program,10
CLEANED - Offers By School By Grade 2017-18.xlsx#Table 1,HPS,,10,17,10,,Capital Prep - Upper School Program,7
CLEANED - Offers By School By Grade 2017-18.xlsx#Table 1,HPS,,11,9,,,Capital Prep - Upper School Program,9
CLEANED - Offers By School By Grade 2017-18.xlsx#Table 1,HPS,,12,26,,,Capital Prep - Upper School Program,26
CLEANED - Offers By School By Grade 2017-18.xlsx#Table 1,HPS,,6,81,24,,Classical Magnet,57
CLEANED - Offers By School By Grade 2017-18.xlsx#Table 1,HPS,,7,60,,,Classical Magnet,
CLEANED - Offers By School By Grade 2017-18.xlsx#Table 1,HPS,,8,13,,,Classical Magnet,
CLEANED - Offers By School By Grade 2017-18.xlsx#Table 1,HPS,,9,20,,,Classical Magnet,
CLEANED - Offers By School By Grade 2017-18.xlsx#Table 1,HPS,,10,21,15,,Classical Magnet,6
CLEANED - Offers By School By Grade 2017-18.xlsx#Table 1,HPS,,11,19,,,Classical Magnet,19
CLEANED - Offers By School By Grade 2017-18.xlsx#Table 1,HPS,,12,27,,,Classical Magnet,
CLEANED - Offers By School By Grade 2017-18.xlsx#Table 1,HPS,,PK4,64,33,,Environmental Sciences @ Mary M. Hooker,31
CLEANED - Offers By School By Grade 2017-18.xlsx#Table 1,HPS,,K,19,12,,Environmental Sciences @ Mary M. Hooker,7
CLEANED - Offers By School By Grade 2017-18.xlsx#Table 1,HPS,,1,20,8,,Environmental Sciences @ Mary M. Hooker,12
CLEANED - Offers By School By Grade 2017-18.xlsx#Table 1,HPS,,2,9,,,Environmental Sciences @ Mary M. Hooker,
CLEANED - Offers By School By Grade 2017-18.xlsx#Table 1,HPS,,3,7,7,,Environmental Sciences @ Mary M. Hooker,
CLEANED - Offers By School By Grade 2017-18.xlsx#Table 1,HPS,,4,14,,,Environmental Sciences @ Mary M. Hooker,
CLEANED - Offers By School By Grade 2017-18.xlsx#Table 1,HPS,,5,13,,,Environmental Sciences @ Mary M. Hooker,
CLEANED - Offers By School By Grade 2017-18.xlsx#Table 1,HPS,,6,16,,,Environmental Sciences @ Mary M. Hooker,
CLEANED - Offers By School By Grade 2017-18.xlsx#Table 1,HPS,,7,18,,,Environmental Sciences @ Mary M. Hooker,
CLEANED - Offers By School By Grade 2017-18.xlsx#Table 1,HPS,,9,146,79,,Great Path Academy,67
CLEANED - Offers By School By Grade 2017-18.xlsx#Table 1,HPS,,10,33,15,,Great Path Academy,18
CLEANED - Offers By School By Grade 2017-18.xlsx#Table 1,HPS,,11,11,,,Great Path Academy,
CLEANED - Offers By School By Grade 2017-18.xlsx#Table 1,HPS,,6,171,83,,HMTCA- (Grades 6-12),88
CLEANED - Offers By School By Grade 2017-18.xlsx#Table 1,HPS,,7,42,26,,HMTCA- (Grades 6-12),16
CLEANED - Offers By School By Grade 2017-18.xlsx#Table 1,HPS,,8,21,,,HMTCA- (Grades 6-12),
CLEANED - Offers By School By Grade 2017-18.xlsx#Table 1,HPS,,9,17,6,,HMTCA- (Grades 6-12),11
CLEANED - Offers By School By Grade 2017-18.xlsx#Table 1,HPS,,10,,,,HMTCA- (Grades 6-12),
CLEANED - Offers By School By Grade 2017-18.xlsx#Table 1,HPS,,11,,,,HMTCA- (Grades 6-12),
CLEANED - Offers By School By Grade 2017-18.xlsx#Table 1,HPS,,6,71,24,,HMTCA,47
CLEANED - Offers By School By Grade 2017-18.xlsx#Table 1,HPS,,7,35,22,,HMTCA,13
CLEANED - Offers By School By Grade 2017-18.xlsx#Table 1,HPS,,8,7,,,HMTCA,7
CLEANED - Offers By School By Grade 2017-18.xlsx#Table 1,HPS,,PIO,102,47,,Hartford PreKindergarten Magnet,55
CLEANED - Offers By School By Grade 2017-18.xlsx#Table 1,HPS,,PK4,73,29,44,Hartford PreKindergarten Magnet,
CLEANED - Offers By School By Grade 2017-18.xlsx#Table 1,HPS,,PIO,78,32,46,Montessori Magnet at Moylan,
CLEANED - Offers By School By Grade 2017-18.xlsx#Table 1,HPS,,PK4,,,,Montessori Magnet at Moylan,
CLEANED - Offers By School By Grade 2017-18.xlsx#Table 1,HPS,,1,13,,,Montessori Magnet at Moylan,
CLEANED - Offers By School By Grade 2017-18.xlsx#Table 1,HPS,,2,,,,Montessori Magnet at Moylan,
CLEANED - Offers By School By Grade 2017-18.xlsx#Table 1,HPS,,4,,,,Montessori Magnet at Moylan,
CLEANED - Offers By School By Grade 2017-18.xlsx#Table 1,HPS,,PIO,74,44,30,Montessori Magnet at Annie Fisher,
CLEANED - Offers By School By Grade 2017-18.xlsx#Table 1,HPS,,PK4,22,14,8,Montessori Magnet at Annie Fisher,
CLEANED - Offers By School By Grade 2017-18.xlsx#Table 1,HPS,,1,,,,Montessori Magnet at Annie Fisher,
CLEANED - Offers By School By Grade 2017-18.xlsx#Table 1,HPS,,2,,,,Montessori Magnet at Annie Fisher,
CLEANED - Offers By School By Grade 2017-18.xlsx#Table 1,HPS,,3,,,,Montessori Magnet at Annie Fisher,
CLEANED - Offers By School By Grade 2017-18.xlsx#Table 1,HPS,,4,,,,Montessori Magnet at Annie Fisher,
CLEANED - Offers By School By Grade 2017-18.xlsx#Table 1,HPS,,7,8,,,Montessori Magnet at Annie Fisher,
CLEANED - Offers By School By Grade 2017-18.xlsx#Table 1,HPS,,PK3,56,17,39,Noah Webster MicroSociety Magnet,
CLEANED - Offers By School By Grade 2017-18.xlsx#Table 1,HPS,,PK4,22,9,13,Noah Webster MicroSociety Magnet,
CLEANED - Offers By School By Grade 2017-18.xlsx#Table 1,HPS,,K,48,14,34,Noah Webster MicroSociety Magnet,
CLEANED - Offers By School By Grade 2017-18.xlsx#Table 1,HPS,,1,14,,14,Noah Webster MicroSociety Magnet,
CLEANED - Offers By School By Grade 2017-18.xlsx#Table 1,HPS,,2,17,,,Noah Webster MicroSociety Magnet,
CLEANED - Offers By School By Grade 2017-18.xlsx#Table 1,HPS,,3,,,,Noah Webster MicroSociety Magnet,
CLEANED - Offers By School By Grade 2017-18.xlsx#Table 1,HPS,,4,,,,Noah Webster MicroSociety Magnet,
CLEANED - Offers By School By Grade 2017-18.xlsx#Table 1,HPS,,5,,,,Noah Webster MicroSociety Magnet,
CLEANED - Offers By School By Grade 2017-18.xlsx#Table 1,HPS,,6,15,,15,Noah Webster MicroSociety Magnet,
CLEANED - Offers By School By Grade 2017-18.xlsx#Table 1,HPS,,7,,,,Noah Webster MicroSociety Magnet,
CLEANED - Offers By School By Grade 2017-18.xlsx#Table 1,HPS,,8,,,,Noah Webster MicroSociety Magnet,
CLEANED - Offers By School By Grade 2017-18.xlsx#Table 1,HPS,,9,160,68,92,Pathways Academy of Technology and Design,
CLEANED - Offers By School By Grade 2017-18.xlsx#Table 1,HPS,,10,18,6,12,Pathways Academy of Technology and Design,
CLEANED - Offers By School By Grade 2017-18.xlsx#Table 1,HPS,,11,,,,Pathways Academy of Technology and Design,
CLEANED - Offers By School By Grade 2017-18.xlsx#Table 1,HPS,,PK4,66,25,41,R.J. Kinsella Magnet School of the Performing Arts,
CLEANED - Offers By School By Grade 2017-18.xlsx#Table 1,HPS,,K,28,,,R.J. Kinsella Magnet School of the Performing Arts,
CLEANED - Offers By School By Grade 2017-18.xlsx#Table 1,HPS,,1,10,,10,R.J. Kinsella Magnet School of the Performing Arts,
CLEANED - Offers By School By Grade 2017-18.xlsx#Table 1,HPS,,2,6,,6,R.J. Kinsella Magnet School of the Performing Arts,
CLEANED - Offers By School By Grade 2017-18.xlsx#Table 1,HPS,,3,9,,,R.J. Kinsella Magnet School of the Performing Arts,
CLEANED - Offers By School By Grade 2017-18.xlsx#Table 1,HPS,,4,12,,,R.J. Kinsella Magnet School of the Performing Arts,
CLEANED - Offers By School By Grade 2017-18.xlsx#Table 1,HPS,,5,21,,,R.J. Kinsella Magnet School of the Performing Arts,
CLEANED - Offers By School By Grade 2017-18.xlsx#Table 1,HPS,,6,30,,,R.J. Kinsella Magnet School of the Performing Arts,
CLEANED - Offers By School By Grade 2017-18.xlsx#Table 1,HPS,,7,18,,18,R.J. Kinsella Magnet School of the Performing Arts,
CLEANED - Offers By School By Grade 2017-18.xlsx#Table 1,HPS,,8,22,,,R.J. Kinsella Magnet School of the Performing Arts,
CLEANED - Offers By School By Grade 2017-18.xlsx#Table 1,HPS,,9,35,10,25,R.J. Kinsella Magnet School of the Performing Arts,
CLEANED - Offers By School By Grade 2017-18.xlsx#Table 1,HPS,,IO,6,,6,R.J. Kinsella Magnet School of the Performing Arts,
CLEANED - Offers By School By Grade 2017-18.xlsx#Table 1,HPS,,11,,,,R.J. Kinsella Magnet School of the Performing Arts,
CLEANED - Offers By School By Grade 2017-18.xlsx#Table 1,HPS,,6,123,53,70,Sport and Medical Sciences Academy,
CLEANED - Offers By School By Grade 2017-18.xlsx#Table 1,RPS,,7,12,,12,Sport and Medical Sciences Academy,
CLEANED - Offers By School By Grade 2017-18.xlsx#Table 1,HPS,,8,15,,,Sport and Medical Sciences Academy,
CLEANED - Offers By School By Grade 2017-18.xlsx#Table 1,HPS,,9,87,15,72,Sport and Medical Sciences Academy,
CLEANED - Offers By School By Grade 2017-18.xlsx#Table 1,HPS,,IO,52,11,41,Sport and Medical Sciences Academy,
CLEANED - Offers By School By Grade 2017-18.xlsx#Table 1,HPS,,11,39,11,28,Sport and Medical Sciences Academy,
CLEANED - Offers By School By Grade 2017-18.xlsx#Table 1,HPS,,K,49,27,22,STEM Magnet at Annie Fisher,
CLEANED - Offers By School By Grade 2017-18.xlsx#Table 1,HPS,,1,IO,,,STEM Magnet at Annie Fisher,
CLEANED - Offers By School By Grade 2017-18.xlsx#Table 1,HPS,,2,,,,STEM Magnet at Annie Fisher,
CLEANED - Offers By School By Grade 2017-18.xlsx#Table 1,HPS,,3,7,,,STEM Magnet at Annie Fisher,
CLEANED - Offers By School By Grade 2017-18.xlsx#Table 1,RPS,,4,,,,STEM Magnet at Annie Fisher,
CLEANED - Offers By School By Grade 2017-18.xlsx#Table 1,HPS,,6,,,,STEM Magnet at Annie Fisher,
CLEANED - Offers By School By Grade 2017-18.xlsx#Table 1,RPS,,7,,,,STEM Magnet at Annie Fisher,
CLEANED - Offers By School By Grade 2017-18.xlsx#Table 1,HPS,,8,8,,,STEM Magnet at Annie Fisher,
CLEANED - Offers By School By Grade 2017-18.xlsx#Table 1,HPS,,9,183,97,86,University High School of Science and Engineering,
CLEANED - Offers By School By Grade 2017-18.xlsx#Table 1,HPS,,10,17,7,IO,University High School of Science and Engineering,
